,溃疡样型,动力障碍样型,非特异性型,KW卡方,P,两两比较
SP物质,228.7(226.52~229.38),238.6(233.1~240.5),228.3(220.6~230.4),11.733,0.002833,非特异性型 动力障碍样型；溃疡样型 动力障碍样型
SS,27.15(24.38~28.05),22.8(20.4~24.3),22.6(18.1~26.7),7.4175,0.02451,动力障碍样型     溃疡样型
Fp,1.85(1.72~1.98),1.2(1.2~1.6),2(1.6~2.2),7.9081,0.01918,动力障碍样型   溃疡样型；动力障碍样型 非特异性型
