,min.x.,max.x.,mean.x.,sd.x.,var.x.,,
人际关系,1,4,2.015,0.689590976,0.475535714,,
职业认知,2.2,5,3.524,0.662573831,0.439004082,,
职业价值,1.44,4.89,3.3628,0.776835654,0.603473633,,
职业规划,1.5,4.5,3.37,0.696639162,0.485306122,,
,,,,,,,
,,,,,,,
,,,,,,,
,,,,,,,
,,,min.x.,max.x.,mean.x.,sd.x.,var.x.
,,人际关系,1.00 ,4.00 ,2.02 ,0.69 ,0.48 
,,职业认知,2.20 ,5.00 ,3.52 ,0.66 ,0.44 
,,职业价值,1.44 ,4.89 ,3.36 ,0.78 ,0.60 
,,职业规划,1.50 ,4.50 ,3.37 ,0.70 ,0.49 
